,open_IC,close_IC,high_IC,low_IC,preclose_IC,pre2close_IC,tradedate,ret_IC,preret_IC,open_IH,close_IH,high_IH,low_IH,preclose_IH,pre2close_IH,ret_IH,preret_IH,dpreret,signal,cum,ICmIH_i,ret,ICpre_last_vol,ICpre_last_ret,IHpre_last_vol,IHpre_last_ret,IClastmean,IClaststd,IHlastmean,IHlaststd,IClast_stdzd,IHlast_stdzd,dlast_stdzd,instrumentID_IC,instrumentID_IH,ICprice,IHprice,ICpreclose,IHpreclose,ICpre2close,IHpre2close,ICreturn,IHreturn,ICpreret,IHpreret,ICmIH_f,dret
51,7530.27,7355.49,7930.15,7249.31,7835.1,8411.91,2015-07-03,-0.06121300302484978,-0.06857063377996198,2674.56,2582.27,2738.66,2511.16,2714.25,2736.85,-0.048624850326977935,-0.008257668487494763,-0.06031296529246721,1.0,0.9473069624872281,-0.012588152697871837,-0.05269303751277188,98796800.0,0.0004251912402943869,279963200.0,0.0008444077346272394,149164800.0,35268053.016976625,103532853.33333331,26515375.35871629,-1.428148017577122,6.653888330065426,-8.082036347642548,IC1507.CCFX,IH1507.CCFX,7404.8,2596.0,7667.8,2740.4,7509.4,2696.2,-0.034299277498109015,-0.05269303751277188,0.021093562734705973,0.016393442622950838,0.018393760014662863,0.004700120111755135
54,6444.67,6602.37,6702.28,6444.25,6763.53,7236.0,2015-07-08,-0.023827794066116348,-0.06529436152570489,2596.71,2608.98,2760.52,2546.46,2812.45,2750.0,-0.0723461750431118,0.02270909090909079,-0.08800345243479568,1.0,0.8621976219914698,0.04851838097699546,-0.08984346559883516,44035200.0,-3.104791136265828e-05,290787200.0,0.0011818605760500756,144669226.66666666,37959092.70685402,114269093.33333331,40746343.46157865,-2.6511178084215863,4.3321214045405725,-6.983239212962159,IC1507.CCFX,IH1507.CCFX,5956.6,2500.2,6516.2,2747.0,7440.0,2756.8,-0.0858782726128724,-0.08984346559883516,-0.12416666666666665,-0.0035548461984911133,0.003965192985962762,-0.12061182046817552
55,6525.12,6896.35,6896.49,6525.12,6602.37,6763.53,2015-07-09,0.0445264352043282,-0.023827794066116348,2575.34,2781.08,2828.75,2493.64,2608.98,2812.45,0.06596447653872395,-0.0723461750431118,0.04851838097699546,-1.0,0.7755709350687207,-0.021438041334395752,-0.10047196224302056,159539200.0,-0.00011055413366456436,324153600.0,-0.00042144302090352253,139936320.0,41327539.06405883,119849200.0,51957908.49646386,0.47432971921253264,3.9321136264348384,-3.4577839072223058,IC1507.CCFX,IH1507.CCFX,6552.2,2751.4,5956.6,2500.2,6516.2,2747.0,0.0999899271396434,0.10047196224302056,-0.0858782726128724,-0.08984346559883516,-0.0004820351033771874,0.003965192985962762
93,6507.88,6169.21,6507.88,6161.03,6581.31,6842.89,2015-09-01,-0.06261671308599659,-0.03822653878697446,2155.96,2230.32,2239.46,2103.48,2210.45,2159.96,0.008989119862471641,0.023375432878386608,-0.06160197166536108,1.0,0.7692237060599743,-0.07160583294846823,-0.008183943881527767,157416800.0,0.0003830491625360644,360421600.0,0.004114292972134281,135503280.0,38091588.47220009,79838973.33333333,21277045.58378452,0.5752850138027946,13.187104645792642,-12.611819631989848,IC1509.CCFX,IH1509.CCFX,5373.0,2036.0,5961.4,2052.8,6402.6,2073.0,-0.09870164726406537,-0.008183943881527767,-0.06890950551338526,-0.0097443318861552,-0.09051770338253763,-0.05916517362723006
94,5878.21,6122.55,6314.29,5866.66,6169.21,6581.31,2015-09-02,-0.00756336710859251,-0.06261671308599659,2143.24,2243.63,2248.77,2137.19,2230.32,2210.45,0.00596775350622325,0.008989119862471641,-0.07160583294846823,1.0,0.7585694287952929,-0.01353112061481576,-0.013850687622789848,92247200.0,2.9178006915264728e-05,424630400.0,1.793496780666537e-05,136737813.33333334,38184621.85435145,89421373.33333333,55414781.61568225,-1.1651447931849368,6.049090457333921,-7.214235250518858,IC1509.CCFX,IH1509.CCFX,5377.0,2007.8,5373.0,2036.0,5961.4,2052.8,0.0007444630560209388,-0.013850687622789848,-0.09870164726406537,-0.008183943881527767,0.014595150678810788,-0.09051770338253763
95,6187.69,6143.56,6379.2,6094.49,6122.55,6169.21,2015-09-07,0.003431576712317641,-0.00756336710859251,2215.18,2133.98,2247.44,2127.48,2243.63,2230.32,-0.04887169453073813,0.00596775350622325,-0.01353112061481576,1.0,0.7754198105685124,0.05230327124305578,0.02221336786532535,215934400.0,-0.00030533503580743027,543102400.0,0.000977050467556584,135553946.66666666,39014020.38895965,101183613.33333331,82411062.69953103,2.0602965941977036,5.362372140229438,-3.302075546031735,IC1509.CCFX,IH1509.CCFX,5795.0,2052.4,5377.0,2007.8,5373.0,2036.0,0.07773851590106018,0.02221336786532535,0.0007444630560209388,-0.013850687622789848,0.05552514803573483,0.014595150678810788
174,7615.51,6983.4,7624.1,6983.28,7617.69,7741.05,2016-01-04,-0.08326539935334731,-0.015935822659716825,2417.03,2270.46,2417.03,2269.97,2420.8,2432.77,-0.06210343688037024,-0.004920317169317179,-0.011015505490399645,1.0,0.7316628654644285,-0.02116196247297708,-0.05643000669792375,129852000.0,-0.00010369522529429799,106669400.0,0.000371916194884081,114229813.33333331,21798728.148595463,37898166.66666666,12135165.588922512,0.7166558782776167,5.6671030015536505,-4.950447123276033,IC1601.CCFX,IH1601.CCFX,6881.2,2254.0,7349.0,2388.8,7511.4,2404.6,-0.0636549190366037,-0.05643000669792375,-0.021620470218601032,-0.006570739416118965,-0.007224912338679945,-0.015049730802482062
214,5686.69,5752.55,5788.47,5681.85,5621.56,5776.98,2016-03-07,0.023301361187997527,-0.026903330113657864,2122.55,2107.67,2133.56,2097.78,2122.27,2053.27,-0.006879426274696399,0.03360493261967501,-0.060508262733332874,1.0,0.7330558456937754,0.030180787462693925,0.0019038553069967712,93778400.0,2.6683696795037907e-05,135941600.0,0.0015384542781768928,88468626.66666667,17108776.62042329,31474833.33333333,12607083.862772588,0.3103537705317213,8.286354545093985,-7.976000774562264,IC1603.CCFX,IH1603.CCFX,5595.0,2105.0,5452.0,2101.0,5603.8,2027.8,0.02622890682318424,0.0019038553069967712,-0.027088761197758715,0.03609823453989547,0.024325051516187468,-0.06318699573765417
217,5617.42,5521.95,5657.26,5517.02,5617.04,5764.33,2016-03-10,-0.016928845085667943,-0.02555197221533123,2089.86,2061.45,2102.99,2060.06,2111.92,2115.16,-0.023897685518391,-0.0015317990128405068,-0.024020173202490724,1.0,0.721905097294852,0.006968840432723057,-0.01521132184461349,95391200.0,-6.586665384933355e-05,221525200.0,0.001508057015471742,91105933.33333331,18773992.71320313,36395060.0,23103555.66330223,0.22825547725141068,8.013058366338882,-7.784802889087471,IC1603.CCFX,IH1603.CCFX,5396.0,2045.8,5500.0,2077.4,5661.0,2100.8,-0.018909090909090875,-0.01521132184461349,-0.028440204910793125,-0.011138613861386149,-0.0036977690644773853,-0.017301591049406984
293,6127.99,6123.49,6143.23,6090.9,6120.2,6107.51,2016-06-30,0.0005375641318912107,0.0020777698276384093,2123.87,2122.63,2130.98,2120.41,2122.97,2102.05,-0.00016015299321214818,0.009952189529268908,-0.007874419701630497,1.0,0.7222488943694757,0.0006977171251033588,0.00047623583198408426,100633600.0,3.267877742185732e-06,66040600.0,0.0006928588263022117,92049506.66666669,19892550.042856347,19135296.666666668,9249275.109172067,0.43152302318404695,5.071241019398328,-4.639717996214281,IC1607.CCFX,IH1607.CCFX,6051.6,2100.8,6050.4,2099.8,6037.0,2078.6,0.00019833399444668665,0.00047623583198408426,0.0022196455192975413,0.010199172519965494,-0.0002779018375373976,-0.007979527000667952
313,6220.92,6243.29,6273.38,6148.86,6229.29,6494.47,2016-07-28,0.002247447140846015,-0.040831661398081816,2160.16,2163.81,2173.08,2153.89,2173.97,2182.51,-0.004673477554888006,-0.003912925943065693,-0.036918735455016116,1.0,0.7245300334692029,0.006920924695734021,0.003158383650720076,116480000.0,8.026661358462306e-06,103905600.0,0.000128767211516001,105422400.0,15087140.654944165,21213760.0,9972308.147845006,0.7329155505935013,8.292146489463377,-7.5592309388698755,IC1608.CCFX,IH1608.CCFX,6125.6,2159.8,6104.2,2153.0,6393.4,2175.6,0.0035057829035747283,0.003158383650720076,-0.04523414771483092,-0.010387938959367515,0.00034739925285465217,-0.034846208755463404
337,6422.8,6434.21,6441.11,6390.7,6425.75,6427.53,2016-08-31,0.0013165778313815044,-0.0002769337521566495,2222.02,2232.71,2237.66,2218.65,2224.06,2214.26,0.003889283562493962,0.004425857848671777,-0.004702791600828426,1.0,0.7268154111883289,-0.002572705731112457,0.00315428983417454,75240800.0,0.00028954418584370417,92786800.0,0.0007919722809701657,101015973.33333331,13409166.443350324,24461970.0,17771181.023104686,-1.9222054884787678,3.844698329906687,-5.766903818385455,IC1609.CCFX,IH1609.CCFX,6343.0,2226.2,6330.0,2219.2,6327.2,2205.2,0.0020537124802526567,0.00315428983417454,0.00044253382222780857,0.006348630509704245,-0.0011005773539218833,-0.0059060966874764365
346,6324.74,6320.03,6340.87,6284.04,6291.64,6471.05,2016-09-13,0.004512337005931677,-0.027725021441651683,2197.38,2193.19,2199.24,2185.82,2199.98,2229.31,-0.003086391694469892,-0.013156537224522369,-0.014568484217129309,-1.0,0.7273470004450036,0.007598728700401569,0.0007313951362223348,100522400.0,-3.1788113151742787e-06,72876000.0,-0.0005905654891700253,98432680.0,15140031.587868532,25112143.33333333,15409038.765824068,0.13802613210361198,3.0997298009660943,-2.9617036688624823,IC1609.CCFX,IH1609.CCFX,6292.2,2186.0,6256.0,2187.6,6445.0,2224.8,0.0057864450127878,-0.0007313951362223348,-0.029325058184639263,-0.016720604099245032,0.006517840149010135,-0.012604454085394234
393,6667.27,6670.8,6692.14,6650.92,6652.82,6623.05,2016-11-28,0.00270261332788202,0.004494907935165715,2406.7,2403.14,2427.59,2398.41,2393.95,2368.73,0.0038388437519580884,0.0106470555951923,-0.006152147660026586,1.0,0.7313026191723232,-0.0011362304240760679,0.00543842034805886,108212800.0,8.418191712289413e-05,68150800.0,7.51951941915241e-05,89196706.66666667,16904578.390053842,29507566.66666667,8776139.35875906,1.1249078737463123,4.403215554543958,-3.2783076807976457,IC1612.CCFX,IH1612.CCFX,6596.4,2403.4,6564.8,2390.4,6547.6,2356.0,0.004813551060199872,0.00543842034805886,0.002626916732848539,0.0146010186757215,-0.0006248692878589868,-0.01197410194287296
395,6605.36,6585.58,6615.92,6568.8,6620.79,6670.8,2016-11-30,-0.005318096480933511,-0.007496851951789951,2435.81,2419.41,2444.95,2411.56,2441.58,2403.14,-0.00908018578133829,0.01599573890826167,-0.023492590860051614,1.0,0.7236456265135046,0.003762089300404781,-0.010470347648261713,95043200.0,0.000105738743733097,77085600.0,0.0002703898530060922,90426840.0,17195099.45499921,31438906.66666667,11079059.856632387,0.26846951435677013,4.120087256862983,-3.851617742506213,IC1612.CCFX,IH1612.CCFX,6531.2,2419.4,6556.8,2445.0,6596.4,2403.4,-0.003904343582235237,-0.010470347648261713,-0.006003274513370793,0.0173088125156029,0.006566004066026475,-0.02331208702897369
418,6273.82,6320.76,6320.95,6273.75,6263.63,6252.61,2017-01-03,0.009120909121388188,0.001762463995035768,2285.27,2307.89,2311.29,2285.27,2286.9,2275.11,0.009178363723818084,0.005182167016100303,-0.003419703021064535,1.0,0.7317943588257882,-5.7454602429896084e-05,0.011260666842614508,96437600.0,0.00020438338490835759,87591400.0,0.0007702946376988429,82959520.0,14233084.367365947,42500100.0,13783364.705349907,0.9469542688092931,3.271429071487759,-2.3244748026784663,IC1701.CCFX,IH1701.CCFX,6275.8,2299.0,6210.6,2273.4,6215.8,2265.8,0.010498180530061465,0.011260666842614508,-0.000836577753466905,0.0033542236737575948,-0.0007624863125530457,-0.0041908014272245
461,6436.76,6447.92,6464.6,6436.64,6439.38,6497.09,2017-03-10,0.0013262146355705884,-0.008882438137689297,2343.31,2339.23,2347.46,2336.32,2346.55,2358.07,-0.0031194732692677585,-0.0048853511558181175,-0.0039970869818711785,1.0,0.7302277499055412,0.004445687904838347,-0.002140777530399096,81885200.0,3.1058987228771433e-06,49563200.0,0.00020886081344895224,81495293.33333333,14261844.659982702,26346430.0,7562050.742341655,0.02733914693102151,3.0701685020445555,-3.042829355113534,IC1703.CCFX,IH1703.CCFX,6410.4,2330.6,6390.8,2335.6,6449.6,2350.6,0.0030669086812291635,-0.002140777530399096,-0.00911684445547012,-0.006381349442695528,0.0052076862116282605,-0.0027354950127745914
483,6569.24,6615.7,6627.7,6562.76,6576.48,6629.17,2017-04-13,0.00596367661727859,-0.007948204677207027,2369.61,2368.11,2373.37,2364.44,2378.86,2382.11,-0.004518971271953776,-0.0013643366595161857,-0.006583868017690842,1.0,0.7295497869371954,0.010482647889232366,-0.0009284267386899805,97343200.0,0.00015208015463641367,54371200.0,7.987656967967105e-05,86218386.66666667,13487417.552149422,27254490.0,8136952.567924112,0.8248290149184581,3.3325387820120937,-2.507709767093636,IC1704.CCFX,IH1704.CCFX,6610.0,2367.4,6555.8,2369.6,6602.2,2374.0,0.008267488330943484,-0.0009284267386899805,-0.007027960376844057,-0.0018534119629317614,0.009195915069633465,-0.0051745484139122935
491,6139.48,6160.46,6203.68,6131.95,6138.5,6300.71,2017-04-25,0.0035774211941028704,-0.025744717658803484,2337.52,2344.74,2348.6,2334.0,2341.93,2347.67,0.0011998650685545176,-0.0024449773605320635,-0.023299740298271417,1.0,0.7323099065094427,0.0023775561255483524,0.003783319002579555,89640800.0,-9.121917687726631e-05,67741600.0,0.00025199244876850097,88129863.33333333,14287594.189715553,29780046.66666667,10431435.670646826,0.10575165046010818,3.6391494451865256,-3.5333977947264175,IC1705.CCFX,IH1705.CCFX,6128.0,2334.8,6108.4,2326.0,6260.2,2331.4,0.0032086962215964747,0.003783319002579555,-0.02424842656784132,-0.002316204855451698,-0.0005746227809830806,-0.021932221712389618
499,6076.46,5975.54,6083.36,5975.22,6089.68,6176.31,2017-05-08,-0.018743185191997025,-0.014026174204338826,2309.24,2326.1,2326.1,2298.32,2320.6,2325.43,0.002370076704300672,-0.002077035214992473,-0.011949138989346351,1.0,0.7335148851379765,-0.021113261896297697,0.00164544903438113,95022400.0,9.03248904196019e-05,93827400.0,0.0007417373904643476,88747076.66666667,13696344.044021394,29953736.66666667,12390759.092397973,0.4581750657813372,5.154943523397315,-4.696768457615978,IC1705.CCFX,IH1705.CCFX,5951.2,2313.2,6057.8,2309.4,6123.6,2316.2,-0.017597147479282982,0.00164544903438113,-0.010745313214449048,-0.00293584319143414,-0.019242596513664112,-0.0078094700230149075
546,6143.33,6128.74,6143.46,6107.91,6149.93,6132.99,2017-07-14,-0.0034455676731280915,0.0027621111399172005,2600.76,2622.98,2623.32,2593.43,2600.95,2565.14,0.008469982121916964,0.0139602516821693,-0.0111981405422521,1.0,0.741591003753216,-0.011915549795045057,0.011010163227594738,96001600.0,0.0004245952923607188,53456000.0,0.00023834515639120649,86470640.0,10361263.456761396,26352040.0,8163873.90894145,0.9198646516203033,3.3199875821593103,-2.4001229305390073,IC1707.CCFX,IH1707.CCFX,6093.4,2626.2,6108.2,2597.6,6085.4,2554.4,-0.002422972397760459,0.011010163227594738,0.0037466723633614585,0.01691199498903839,-0.013433135625355195,-0.013165322625676934
548,5854.07,5938.43,5938.43,5842.96,5876.46,6128.74,2017-07-18,0.010545464446282349,-0.04116343653018395,2619.23,2624.31,2637.53,2596.12,2631.41,2622.98,-0.002698173222720812,0.003213901745342973,-0.044377338275526916,1.0,0.7383211027179652,0.01324363766900316,-0.0044093051543258035,114785600.0,-8.337658139001558e-05,64909600.0,5.7006909237156116e-05,87174013.33333333,10354892.007420383,27181693.33333333,8636289.074833225,2.6665257973603227,4.368532171602331,-1.702006374242008,IC1707.CCFX,IH1707.CCFX,5899.0,2619.2,5825.6,2630.8,6093.4,2626.2,0.01259956056028555,-0.0044093051543258035,-0.04394919092788907,0.001751580229990335,0.017008865714611354,-0.045700771157879405
553,6159.41,6153.6,6170.65,6113.56,6167.13,6126.11,2017-07-25,-0.0021938892158912533,0.006695929390755362,2656.48,2643.07,2667.79,2639.61,2654.38,2639.21,-0.004260882013878975,0.0057479321463620465,0.0009479972443933172,-1.0,0.7439215857352025,0.002066992797987721,0.007585429966203483,99241600.0,0.0002530179691415668,76904400.0,-0.0007077620413664665,90940173.33333331,12158092.041189175,29992740.0,12176755.065643812,0.6827902469024844,3.852558398941539,-3.1697681520390546,IC1708.CCFX,IH1708.CCFX,6081.2,2642.8,6083.8,2663.0,6041.2,2640.2,-0.0004273644761498829,-0.007585429966203483,0.007051579156458931,0.008635709415953484,0.0071580654900536,-0.0015841302594945539
567,6165.13,6292.64,6293.35,6165.13,6161.19,6289.22,2017-08-14,0.02133516414848446,-0.020357055405916924,2572.3,2591.45,2598.38,2567.6,2570.26,2611.34,0.008244302132857984,-0.015731386950760932,-0.004625668455155996,1.0,0.7505373171318647,0.01309086201562648,0.008893049379826712,114960800.0,-0.0001493157376287746,99609600.0,0.0007475645747836435,105269720.0,14934050.68754652,30878966.66666667,14936664.157063736,0.6489250775130538,4.601471426993942,-3.9525463494808877,IC1708.CCFX,IH1708.CCFX,6286.4,2586.6,6139.2,2563.8,6251.0,2607.2,0.023977065415689225,0.008893049379826712,-0.017885138377859544,-0.016646210494016378,0.015084016035862513,-0.001238927883843166
611,6489.79,6571.42,6571.44,6485.81,6501.4,6563.44,2017-10-20,0.01076998800258422,-0.009452360347622537,2744.49,2737.64,2746.23,2733.72,2756.04,2753.01,-0.006676245627784794,0.0011006135103031056,-0.01055297385792564,1.0,0.7465604553948664,0.017446233630369012,-0.0052986862161573675,90459200.0,0.00015691390349470424,74856200.0,0.00021412110544560825,104053026.66666669,15182409.513620233,31942806.66666667,13082701.290027425,-0.8953668819479267,3.2801630475232972,-4.175529929471224,IC1711.CCFX,IH1711.CCFX,6530.0,2740.8,6460.0,2755.4,6505.0,2755.2,0.010835913312693402,-0.0052986862161573675,-0.006917755572636408,7.259001161452616e-05,0.016134599528850768,-0.006990345584250934
636,6250.06,6278.03,6307.89,6243.96,6274.51,6439.44,2017-11-24,0.0005609999824687242,-0.025612475618997814,2934.45,2936.83,2949.79,2907.1,2940.73,3012.36,-0.001326201317360054,-0.0237786984291386,-0.0018337771898592203,1.0,0.7464588963613478,0.0018872012998287786,-0.0001360359134812139,102412000.0,-0.0004747120266220816,134898400.0,0.0010825347653655726,82906453.33333333,10038237.807563763,41040626.66666666,16353587.00542751,1.9431245842740783,5.7392774626253775,-3.7961528783512994,IC1712.CCFX,IH1712.CCFX,6227.0,2940.0,6208.2,2940.4,6375.2,3019.4,0.003028252955768141,-0.0001360359134812139,-0.026195256619400142,-0.026164138570576975,0.0031642888692493547,-3.111804882316438e-05
675,6284.6,6272.38,6317.0,6261.24,6286.8,6267.46,2018-01-19,-0.002293694725456485,0.003085779566203817,3122.67,3117.82,3145.99,3100.41,3106.55,3076.18,0.0036278186412579405,0.009872634241169465,-0.006786854674965648,1.0,0.7482257194911693,-0.005921513366714426,0.002366939611054386,83978800.0,1.4319467315893066e-05,98308800.0,0.0008339048365868518,82639066.66666667,8912041.336859493,36754640.0,12530620.221146902,0.15032844695101424,4.912299544129514,-4.7619710971785,IC1802.CCFX,IH1802.CCFX,6232.0,3133.8,6259.8,3126.4,6223.4,3082.4,-0.004441036454838843,0.002366939611054386,0.00584889288813195,0.014274591227614762,-0.006807976065893229,-0.008425698339482812
678,6353.3,6394.3,6395.57,6322.92,6355.0,6347.64,2018-01-24,0.006184107002360273,0.0011594860452073252,3189.77,3180.33,3202.47,3150.55,3176.5,3130.33,0.0012057295765779408,0.01474924368996233,-0.013589757644755007,1.0,0.7465864143154454,0.004978377425782332,-0.0021909233176838905,83456400.0,2.203291402613772e-05,112016800.0,0.0010237929803649237,82675426.66666667,8795017.736899402,41190640.0,18716070.719177067,0.08879724370046045,3.784243021021999,-3.6954457773215386,IC1802.CCFX,IH1802.CCFX,6409.6,3188.0,6345.8,3195.0,6348.6,3145.6,0.010053893914084844,-0.0021909233176838905,-0.0004410421195224501,0.01570447609359116,0.012244817231768734,-0.016145518213113608
685,5937.62,6004.85,6006.47,5844.46,5984.74,6189.34,2018-02-02,0.003360212807908214,-0.03305683643167123,3113.3,3149.64,3150.7,3082.99,3141.23,3116.83,0.0026772951996509864,0.007828466743454054,-0.04088530317512529,1.0,0.7507227588384948,0.0006829176082572277,0.0055403426096924955,104892800.0,-2.673461715185788e-05,137656800.0,0.00039816144968995987,83473920.0,8485070.84474154,50554093.33333334,22415138.45933115,2.524301846374558,3.885887514132524,-1.361585667757966,IC1802.CCFX,IH1802.CCFX,5986.2,3158.0,5970.0,3140.6,6186.6,3125.0,0.0027135678391958518,0.0055403426096924955,-0.03501115313742609,0.004991999999999885,-0.002826774770496643,-0.040003153137425966
688,5805.97,5711.33,5831.81,5630.09,5704.26,5998.22,2018-02-07,0.0012394245704088205,-0.04900787233545957,3147.32,3029.6,3166.7,3020.39,3117.49,3181.34,-0.02819255234178775,-0.02007015911534149,-0.028937713220118063,-1.0,0.7728340786808119,0.02943197691219657,0.029453376205787807,119401600.0,0.0001525413921943386,193489600.0,-0.00024383748873046948,85746146.66666667,9673533.893790074,56616093.33333334,25954470.98098345,3.4791270390791156,5.273600327548666,-1.79447328846955,IC1802.CCFX,IH1802.CCFX,5663.0,3018.4,5686.8,3110.0,5979.8,3193.2,-0.0041851304775972755,-0.029453376205787807,-0.048998294257333035,-0.026055367656269483,0.02526824572819053,-0.02294292660106356
738,5865.44,5860.98,5886.0,5808.78,5847.98,5959.42,2018-04-27,0.002222989818706722,-0.01869980635699453,2672.64,2653.54,2675.1,2613.53,2666.02,2702.98,-0.004681135175280016,-0.013673797068420757,-0.005026009288573774,1.0,0.7691823463657372,0.0069041249939867395,-0.004725118127953176,82568800.0,4.787724274946114e-05,80407600.0,0.0013780414538899775,80464080.0,9353819.292320507,32268740.0,14177316.22607752,0.22501183037905992,3.395484676532374,-3.170472846153314,IC1805.CCFX,IH1805.CCFX,5852.2,2654.0,5806.4,2666.6,5913.0,2707.2,0.00788784789198127,-0.004725118127953176,-0.01802807373583637,-0.014997044917257618,0.012612966019934444,-0.0030310288185787515
761,5729.92,5685.12,5759.5,5654.84,5754.47,5682.59,2018-06-01,-0.012051500833265337,0.012649161737869452,2652.25,2647.19,2664.31,2637.37,2658.29,2605.9,-0.0041756166558201135,0.02010437852565317,-0.007455216787783714,1.0,0.7661545278940477,-0.007875884177445225,-0.003936411809235429,60434000.0,0.00031286011502817956,79018200.0,0.0017316017316018062,71381573.33333333,5860906.050170925,27786470.0,14125021.507292502,-1.8678977686417713,3.6270196100975816,-5.494917378739353,IC1806.CCFX,IH1806.CCFX,5664.0,2631.6,5738.0,2642.0,5653.2,2588.4,-0.012896479609620036,-0.003936411809235429,0.015000353781928766,0.020707773141709133,-0.008960067800384608,-0.005707419359780364
822,4964.73,4974.21,4983.94,4954.17,4960.07,4852.29,2018-08-28,0.002850766219025136,0.02221219259360008,2524.92,2511.15,2530.5,2503.81,2522.34,2472.0,-0.004436356716382428,0.020364077669903,0.001848114923697075,1.0,0.7628088749338117,0.007287122935407564,-0.004366812227074246,81267200.0,0.00030857225834579616,45388800.0,0.0013538246539013257,69524120.0,8726774.780560805,22237143.33333333,7384886.000925813,1.3456380272535646,3.135005288336779,-1.7893672610832143,IC1809.CCFX,IH1809.CCFX,4936.8,2508.0,4931.4,2519.0,4809.4,2474.6,0.001095023725514066,-0.004366812227074246,0.02536698964527795,0.017942293704032997,0.005461835952588312,0.007424695941244951
826,4808.38,4838.87,4840.15,4754.81,4814.82,4867.12,2018-09-03,0.004994994620775017,-0.010745574384851908,2461.86,2465.88,2470.51,2445.87,2474.48,2479.21,-0.003475477676117777,-0.0019078658120933454,-0.008837708572758562,1.0,0.7597218297094741,0.008470472296892795,-0.004046944556859611,69775600.0,-0.00011629404117652341,94684200.0,0.0031133452245823983,70577306.66666667,8807751.116114339,23740650.0,8279551.710117487,-0.09102285658366283,8.568525505228507,-8.65954836181217,IC1809.CCFX,IH1809.CCFX,4819.6,2461.0,4783.4,2471.0,4846.0,2483.2,0.007567838775766278,-0.004046944556859611,-0.0129178704085845,-0.004913015463917425,0.011614783332625887,-0.008004854944667072
841,4774.79,4792.55,4810.34,4763.21,4805.22,4733.48,2018-09-25,-0.002636715904786868,0.015155868409711504,2545.21,2547.79,2560.72,2536.43,2573.6,2487.42,-0.010028753497046905,0.03464634038481629,-0.019490471975104784,1.0,0.7486553614385615,0.007392037592260038,-0.014566473988439356,94117600.0,0.00016237064387047973,71842000.0,0.0009723464664930236,67276620.0,8585211.608157339,24141280.0,15166829.806144195,3.126420317292672,3.145068587812338,-0.018648270519666,IC1810.CCFX,IH1810.CCFX,4793.2,2557.2,4827.8,2595.0,4714.4,2496.8,-0.007166825469157922,-0.014566473988439356,0.024053962328186133,0.03933034283883363,0.007399648519281431,-0.015276380510647503
904,4168.94,4168.04,4192.7,4138.93,4161.27,4208.41,2018-12-28,0.0016269071701666693,-0.011201380093669444,2279.7,2293.1,2305.91,2278.25,2276.06,2281.56,0.007486621618059352,-0.0024106313224284692,-0.008790748771240975,-1.0,0.7489826281641423,-0.005859714447892682,0.00043713936002798265,89006000.0,-2.403106736270644e-06,69663400.0,-0.0028826271334945197,90949640.0,24093407.99205157,26522800.0,11127507.96905453,-0.08067102838424552,3.876932743609217,-3.9576037719934622,IC1901.CCFX,IH1901.CCFX,4120.4,2286.6,4131.0,2287.6,4189.0,2284.6,-0.0025659646574680557,-0.00043713936002798265,-0.013845786583910223,0.0013131401558259535,-0.0021288252974400734,-0.015158926739736178
926,4203.98,4176.47,4240.72,4151.41,4211.62,4254.29,2019-01-31,-0.00834595713763342,-0.010029875725444226,2454.64,2483.47,2487.1,2450.18,2440.01,2455.9,0.017811402412285068,-0.006470133148743784,-0.003559742576700442,-1.0,0.7372979363419294,-0.02615735954991849,-0.015600751449808213,75930400.0,-0.00010683583131332329,74600000.0,-0.0009908165228889043,79727670.0,14274552.089480253,24353910.0,13094585.055645864,-0.2660167531840406,3.837165499057634,-4.103182252241675,IC1902.CCFX,IH1902.CCFX,4183.6,2486.8,4201.8,2448.6,4242.4,2458.8,-0.004331476986053517,0.015600751449808213,-0.009570054686026673,-0.004148365056125036,-0.01993222843586173,-0.005421689629901638
939,5059.28,5038.54,5149.62,5004.55,5044.35,4777.3,2019-02-26,-0.0011517836787694467,0.055899776024114015,2781.31,2733.9,2804.16,2729.48,2787.7,2623.07,-0.01929906374430524,0.0627623357363698,-0.0068625597122558,1.0,0.7146798402693808,0.018147280065535787,-0.030677009873060657,188820800.0,0.00019431451588936002,88600800.0,0.000606602273502066,99816003.33333331,25650126.29107162,27561276.66666667,13459191.791938633,3.4699554948252933,4.535155176991599,-1.0651996821663055,IC1903.CCFX,IH1903.CCFX,5063.2,2749.0,5123.0,2836.0,4804.8,2635.0,-0.011672847940659814,-0.030677009873060657,0.06622544122544127,0.0762808349146109,0.019004161932400843,-0.010055393689169634
943,5112.95,5158.25,5253.39,5108.28,5067.23,5025.29,2019-03-04,0.01796247654043737,0.008345787009306882,2839.4,2832.59,2907.82,2816.98,2819.47,2743.97,0.004653356836568756,0.027514878078113147,-0.019169091068806262,1.0,0.7173628004290548,0.013309119703868607,0.003754072814846188,195227200.0,0.000167752912335839,128534800.0,0.0005145101880044134,114737973.33333331,40978652.75326128,33901150.0,19500326.569798447,1.9641745459838467,4.852926419528067,-2.88875187354422,IC1903.CCFX,IH1903.CCFX,5144.4,2834.2,5081.2,2823.6,5034.6,2753.8,0.012438006770054244,0.003754072814846188,0.009255948834068215,0.025346793521679126,0.008683933955208056,-0.016090844687610906
1001,4943.57,4956.86,4992.99,4930.43,4955.49,4962.95,2019-05-29,0.000276461056323285,-0.0015031382544655747,2728.44,2755.81,2780.31,2724.85,2748.8,2722.33,0.0025502037252618237,0.009723288506536807,-0.011226426761002384,1.0,0.7210610914903328,-0.002273742668938539,0.00515539843865076,121454400.0,0.0009109509816429553,306633400.0,0.006064643166936889,136843173.33333334,33728960.04946735,38234500.0,16228282.514922302,-0.4562480820862535,16.538959052087037,-16.99520713417329,IC1906.CCFX,IH1906.CCFX,4866.0,2729.6,4888.8,2715.6,4903.0,2702.6,-0.004663721158566503,0.00515539843865076,-0.0028961860085661146,0.0048101827869460045,-0.009819119597217265,-0.0077063687955121205
